station_id,station_name,city,state,anomaly_type,severity_score,detected_at,anomaly_date,description,is_resolved,resolved_at,days_open
462098,Wawa Supercharger,Staunton,VA,usage_pattern,0.145,2025-10-21T02:17:37.315852,2025-10-21,Unusual usage pattern detected with score: -0.145,False,,50.796676464861115
461733,Walmart,Checotah,OK,usage_pattern,0.072,2025-10-21T02:17:37.316071,2025-10-21,Unusual usage pattern detected with score: -0.072,False,,50.79667646232639
461628,Petro Corning #309,Corning,CA,usage_pattern,0.026,2025-10-21T02:17:37.31626,2025-10-21,Unusual usage pattern detected with score: -0.026,False,,50.79667646013889
461553,Ventura County Credit Union,Ventura,CA,usage_pattern,0.029,2025-10-21T02:17:37.316356,2025-10-21,Unusual usage pattern detected with score: -0.029,False,,50.79667645902778
461548,"Pilot Travel Center #374 Marianna, FL",Marianna,FL,usage_pattern,0.06,2025-10-21T02:17:37.316472,2025-10-21,Unusual usage pattern detected with score: -0.060,False,,50.79667645768519
461547,"Pilot Travel Center #1047 Jacksonville, FL",Jacksonville,FL,usage_pattern,0.076,2025-10-21T02:17:37.316509,2025-10-21,Unusual usage pattern detected with score: -0.076,False,,50.79667645725694
461546,"Pilot Travel Center #1051 Iowa, LA",Iowa,LA,usage_pattern,0.002,2025-10-21T02:17:37.316549,2025-10-21,Unusual usage pattern detected with score: -0.002,False,,50.79667645679398
461370,Miller Hill Super One,Duluth,MN,usage_pattern,0.067,2025-10-21T02:17:37.316668,2025-10-21,Unusual usage pattern detected with score: -0.067,False,,50.796676455416666
461130,TownePlace Suites by Marriott Houston Northwest/Beltway 8,Houston,TX,usage_pattern,0.147,2025-10-21T02:17:37.31708,2025-10-21,Unusual usage pattern detected with score: -0.147,False,,50.79667645064815
461073,Fairfield by Marriott Inn & Suites Houston Brookhollow,Houston,TX,usage_pattern,0.149,2025-10-21T02:17:37.317151,2025-10-21,Unusual usage pattern detected with score: -0.149,False,,50.796676449826386
469612,"Dennys - Auburn, WA",Auburn,WA,usage_pattern,0.04,2025-12-10T07:18:45.033946,2025-12-10,Unusual usage pattern detected with score: -0.040,False,,0.5875593572916666
469611,Dennys,Seatac,WA,usage_pattern,0.014,2025-12-10T07:18:45.034001,2025-12-10,Unusual usage pattern detected with score: -0.014,False,,0.5875593566550926
469455,Polaris Bergland Township,Bergland,MI,usage_pattern,0.055,2025-12-10T07:18:45.034079,2025-12-10,Unusual usage pattern detected with score: -0.055,False,,0.5875593557523148
469612,"Dennys - Auburn, WA",Auburn,WA,usage_pattern,0.04,2025-12-10T07:20:53.364679,2025-12-10,Unusual usage pattern detected with score: -0.040,False,,0.5860740478819444
469611,Dennys,Seatac,WA,usage_pattern,0.014,2025-12-10T07:20:53.364746,2025-12-10,Unusual usage pattern detected with score: -0.014,False,,0.5860740471064815
469455,Polaris Bergland Township,Bergland,MI,usage_pattern,0.055,2025-12-10T07:20:53.364835,2025-12-10,Unusual usage pattern detected with score: -0.055,False,,0.5860740460763889
469612,"Dennys - Auburn, WA",Auburn,WA,usage_pattern,0.04,2025-12-10T07:22:00.580985,2025-12-10,Unusual usage pattern detected with score: -0.040,False,,0.5852960813773148
469611,Dennys,Seatac,WA,usage_pattern,0.014,2025-12-10T07:22:00.581031,2025-12-10,Unusual usage pattern detected with score: -0.014,False,,0.5852960808449074
469455,Polaris Bergland Township,Bergland,MI,usage_pattern,0.055,2025-12-10T07:22:00.581096,2025-12-10,Unusual usage pattern detected with score: -0.055,False,,0.5852960800925926
469612,"Dennys - Auburn, WA",Auburn,WA,usage_pattern,0.04,2025-12-10T07:23:06.251697,2025-12-10,Unusual usage pattern detected with score: -0.040,False,,0.5845360036921297
469611,Dennys,Seatac,WA,usage_pattern,0.014,2025-12-10T07:23:06.251778,2025-12-10,Unusual usage pattern detected with score: -0.014,False,,0.5845360027546296
469455,Polaris Bergland Township,Bergland,MI,usage_pattern,0.055,2025-12-10T07:23:06.251883,2025-12-10,Unusual usage pattern detected with score: -0.055,False,,0.5845360015393518
469612,"Dennys - Auburn, WA",Auburn,WA,usage_pattern,0.04,2025-12-10T07:24:12.552999,2025-12-10,Unusual usage pattern detected with score: -0.040,False,,0.5837686275115741
469611,Dennys,Seatac,WA,usage_pattern,0.014,2025-12-10T07:24:12.553058,2025-12-10,Unusual usage pattern detected with score: -0.014,False,,0.5837686268287037
469455,Polaris Bergland Township,Bergland,MI,usage_pattern,0.055,2025-12-10T07:24:12.553144,2025-12-10,Unusual usage pattern detected with score: -0.055,False,,0.5837686258333333
469612,"Dennys - Auburn, WA",Auburn,WA,usage_pattern,0.04,2025-12-10T07:25:18.716078,2025-12-10,Unusual usage pattern detected with score: -0.040,False,,0.5830028511342593
469611,Dennys,Seatac,WA,usage_pattern,0.014,2025-12-10T07:25:18.716165,2025-12-10,Unusual usage pattern detected with score: -0.014,False,,0.5830028501273148
469455,Polaris Bergland Township,Bergland,MI,usage_pattern,0.055,2025-12-10T07:25:18.71636,2025-12-10,Unusual usage pattern detected with score: -0.055,False,,0.5830028478703704
469612,"Dennys - Auburn, WA",Auburn,WA,usage_pattern,0.04,2025-12-10T07:26:31.226909,2025-12-10,Unusual usage pattern detected with score: -0.040,False,,0.5821636054050926
469611,Dennys,Seatac,WA,usage_pattern,0.014,2025-12-10T07:26:31.226979,2025-12-10,Unusual usage pattern detected with score: -0.014,False,,0.5821636045949075
469455,Polaris Bergland Township,Bergland,MI,usage_pattern,0.055,2025-12-10T07:26:31.227074,2025-12-10,Unusual usage pattern detected with score: -0.055,False,,0.5821636034953703
469612,"Dennys - Auburn, WA",Auburn,WA,usage_pattern,0.04,2025-12-10T07:27:37.714376,2025-12-10,Unusual usage pattern detected with score: -0.040,False,,0.5813940745370371
469611,Dennys,Seatac,WA,usage_pattern,0.014,2025-12-10T07:27:37.714423,2025-12-10,Unusual usage pattern detected with score: -0.014,False,,0.5813940739930555
469455,Polaris Bergland Township,Bergland,MI,usage_pattern,0.055,2025-12-10T07:27:37.714491,2025-12-10,Unusual usage pattern detected with score: -0.055,False,,0.5813940732060185
469612,"Dennys - Auburn, WA",Auburn,WA,usage_pattern,0.037,2025-12-10T07:28:52.747448,2025-12-10,Unusual usage pattern detected with score: -0.037,False,,0.5805256362037037
469611,Dennys,Seatac,WA,usage_pattern,0.023,2025-12-10T07:28:52.747656,2025-12-10,Unusual usage pattern detected with score: -0.023,False,,0.5805256337962963
469455,Polaris Bergland Township,Bergland,MI,usage_pattern,0.057,2025-12-10T07:28:52.747799,2025-12-10,Unusual usage pattern detected with score: -0.057,False,,0.5805256321412037
469612,"Dennys - Auburn, WA",Auburn,WA,usage_pattern,0.037,2025-12-10T07:29:59.204682,2025-12-10,Unusual usage pattern detected with score: -0.037,False,,0.5797564552546296
469611,Dennys,Seatac,WA,usage_pattern,0.023,2025-12-10T07:29:59.204734,2025-12-10,Unusual usage pattern detected with score: -0.023,False,,0.5797564546527778
469455,Polaris Bergland Township,Bergland,MI,usage_pattern,0.057,2025-12-10T07:29:59.204805,2025-12-10,Unusual usage pattern detected with score: -0.057,False,,0.5797564538310185
469612,"Dennys - Auburn, WA",Auburn,WA,usage_pattern,0.037,2025-12-10T07:31:12.717552,2025-12-10,Unusual usage pattern detected with score: -0.037,False,,0.5789056118518519
469611,Dennys,Seatac,WA,usage_pattern,0.023,2025-12-10T07:31:12.717617,2025-12-10,Unusual usage pattern detected with score: -0.023,False,,0.5789056110995371
469455,Polaris Bergland Township,Bergland,MI,usage_pattern,0.057,2025-12-10T07:31:12.717712,2025-12-10,Unusual usage pattern detected with score: -0.057,False,,0.57890561
469612,"Dennys - Auburn, WA",Auburn,WA,usage_pattern,0.037,2025-12-10T07:32:17.630881,2025-12-10,Unusual usage pattern detected with score: -0.037,False,,0.5781543001736111
469611,Dennys,Seatac,WA,usage_pattern,0.023,2025-12-10T07:32:17.630995,2025-12-10,Unusual usage pattern detected with score: -0.023,False,,0.5781542988541667
469455,Polaris Bergland Township,Bergland,MI,usage_pattern,0.057,2025-12-10T07:32:17.631132,2025-12-10,Unusual usage pattern detected with score: -0.057,False,,0.5781542972685185
469612,"Dennys - Auburn, WA",Auburn,WA,usage_pattern,0.037,2025-12-10T07:33:34.177775,2025-12-10,Unusual usage pattern detected with score: -0.037,False,,0.5772683407523148
469611,Dennys,Seatac,WA,usage_pattern,0.023,2025-12-10T07:33:34.177863,2025-12-10,Unusual usage pattern detected with score: -0.023,False,,0.5772683397337963
469455,Polaris Bergland Township,Bergland,MI,usage_pattern,0.057,2025-12-10T07:33:34.177967,2025-12-10,Unusual usage pattern detected with score: -0.057,False,,0.5772683385300926
469612,"Dennys - Auburn, WA",Auburn,WA,usage_pattern,0.037,2025-12-10T07:34:43.895845,2025-12-10,Unusual usage pattern detected with score: -0.037,False,,0.5764614186458333
469611,Dennys,Seatac,WA,usage_pattern,0.023,2025-12-10T07:34:43.896145,2025-12-10,Unusual usage pattern detected with score: -0.023,False,,0.5764614151736112
469455,Polaris Bergland Township,Bergland,MI,usage_pattern,0.057,2025-12-10T07:34:43.896863,2025-12-10,Unusual usage pattern detected with score: -0.057,False,,0.576461406863426
470314,EVolve NY Afton,Afton,NY,usage_pattern,0.027,2025-12-10T07:38:24.502614,2025-12-10,Unusual usage pattern detected with score: -0.027,False,,0.5739080995601852
469748,Ionna Largo Rechargery @ Wawa,Largo,FL,usage_pattern,0.019,2025-12-10T07:38:24.502823,2025-12-10,Unusual usage pattern detected with score: -0.019,False,,0.5739080971412037
469455,Polaris Bergland Township,Bergland,MI,usage_pattern,0.097,2025-12-10T07:38:24.503071,2025-12-10,Unusual usage pattern detected with score: -0.097,False,,0.5739080942708333
470314,EVolve NY Afton,Afton,NY,usage_pattern,0.027,2025-12-10T07:39:53.855608,2025-12-10,Unusual usage pattern detected with score: -0.027,False,,0.5728739213888889
469748,Ionna Largo Rechargery @ Wawa,Largo,FL,usage_pattern,0.019,2025-12-10T07:39:53.855858,2025-12-10,Unusual usage pattern detected with score: -0.019,False,,0.5728739184953704
469455,Polaris Bergland Township,Bergland,MI,usage_pattern,0.097,2025-12-10T07:39:53.856106,2025-12-10,Unusual usage pattern detected with score: -0.097,False,,0.572873915625
470314,EVolve NY Afton,Afton,NY,usage_pattern,0.027,2025-12-10T07:41:22.544978,2025-12-10,Unusual usage pattern detected with score: -0.027,False,,0.5718474240509259
469748,Ionna Largo Rechargery @ Wawa,Largo,FL,usage_pattern,0.019,2025-12-10T07:41:22.545364,2025-12-10,Unusual usage pattern detected with score: -0.019,False,,0.5718474195833333
469455,Polaris Bergland Township,Bergland,MI,usage_pattern,0.097,2025-12-10T07:41:22.545732,2025-12-10,Unusual usage pattern detected with score: -0.097,False,,0.5718474153240741
470314,EVolve NY Afton,Afton,NY,usage_pattern,0.027,2025-12-10T07:42:52.413492,2025-12-10,Unusual usage pattern detected with score: -0.027,False,,0.5708072792129629
469748,Ionna Largo Rechargery @ Wawa,Largo,FL,usage_pattern,0.019,2025-12-10T07:42:52.413702,2025-12-10,Unusual usage pattern detected with score: -0.019,False,,0.5708072767824074
469455,Polaris Bergland Township,Bergland,MI,usage_pattern,0.097,2025-12-10T07:42:52.413954,2025-12-10,Unusual usage pattern detected with score: -0.097,False,,0.5708072738657407
470314,EVolve NY Afton,Afton,NY,usage_pattern,0.027,2025-12-10T07:44:25.46004,2025-12-10,Unusual usage pattern detected with score: -0.027,False,,0.569730351574074
469748,Ionna Largo Rechargery @ Wawa,Largo,FL,usage_pattern,0.019,2025-12-10T07:44:25.460366,2025-12-10,Unusual usage pattern detected with score: -0.019,False,,0.5697303478009259
469455,Polaris Bergland Township,Bergland,MI,usage_pattern,0.097,2025-12-10T07:44:25.46068,2025-12-10,Unusual usage pattern detected with score: -0.097,False,,0.5697303441666667
470314,EVolve NY Afton,Afton,NY,usage_pattern,0.027,2025-12-10T07:45:52.634109,2025-12-10,Unusual usage pattern detected with score: -0.027,False,,0.5687213924421296
469748,Ionna Largo Rechargery @ Wawa,Largo,FL,usage_pattern,0.019,2025-12-10T07:45:52.634393,2025-12-10,Unusual usage pattern detected with score: -0.019,False,,0.5687213891550926
469455,Polaris Bergland Township,Bergland,MI,usage_pattern,0.097,2025-12-10T07:45:52.634653,2025-12-10,Unusual usage pattern detected with score: -0.097,False,,0.5687213861458333
470314,EVolve NY Afton,Afton,NY,usage_pattern,0.027,2025-12-10T07:47:19.228662,2025-12-10,Unusual usage pattern detected with score: -0.027,False,,0.5677191406712963
469748,Ionna Largo Rechargery @ Wawa,Largo,FL,usage_pattern,0.019,2025-12-10T07:47:19.228884,2025-12-10,Unusual usage pattern detected with score: -0.019,False,,0.5677191381018518
469455,Polaris Bergland Township,Bergland,MI,usage_pattern,0.097,2025-12-10T07:47:19.229147,2025-12-10,Unusual usage pattern detected with score: -0.097,False,,0.5677191350578704
469612,"Dennys - Auburn, WA",Auburn,WA,usage_pattern,0.02,2025-12-10T07:48:45.364488,2025-12-10,Unusual usage pattern detected with score: -0.020,False,,0.5667221982407408
469611,Dennys,Seatac,WA,usage_pattern,0.017,2025-12-10T07:48:45.364611,2025-12-10,Unusual usage pattern detected with score: -0.017,False,,0.5667221968171297
469455,Polaris Bergland Township,Bergland,MI,usage_pattern,0.076,2025-12-10T07:48:45.364798,2025-12-10,Unusual usage pattern detected with score: -0.076,False,,0.5667221946527777
469612,"Dennys - Auburn, WA",Auburn,WA,usage_pattern,0.02,2025-12-10T07:50:12.278917,2025-12-10,Unusual usage pattern detected with score: -0.020,False,,0.5657162442013889
469611,Dennys,Seatac,WA,usage_pattern,0.017,2025-12-10T07:50:12.278963,2025-12-10,Unusual usage pattern detected with score: -0.017,False,,0.5657162436689814
469455,Polaris Bergland Township,Bergland,MI,usage_pattern,0.076,2025-12-10T07:50:12.27903,2025-12-10,Unusual usage pattern detected with score: -0.076,False,,0.5657162428935185
469612,"Dennys - Auburn, WA",Auburn,WA,usage_pattern,0.02,2025-12-10T07:51:38.396606,2025-12-10,Unusual usage pattern detected with score: -0.020,False,,0.5647195116898148
469611,Dennys,Seatac,WA,usage_pattern,0.017,2025-12-10T07:51:38.396653,2025-12-10,Unusual usage pattern detected with score: -0.017,False,,0.5647195111458333
469455,Polaris Bergland Township,Bergland,MI,usage_pattern,0.076,2025-12-10T07:51:38.396721,2025-12-10,Unusual usage pattern detected with score: -0.076,False,,0.5647195103587963
469612,"Dennys - Auburn, WA",Auburn,WA,usage_pattern,0.02,2025-12-10T07:53:06.981834,2025-12-10,Unusual usage pattern detected with score: -0.020,False,,0.5636942196990741
469611,Dennys,Seatac,WA,usage_pattern,0.017,2025-12-10T07:53:06.981882,2025-12-10,Unusual usage pattern detected with score: -0.017,False,,0.5636942191435185
469455,Polaris Bergland Township,Bergland,MI,usage_pattern,0.076,2025-12-10T07:53:06.981951,2025-12-10,Unusual usage pattern detected with score: -0.076,False,,0.5636942183449074
469612,"Dennys - Auburn, WA",Auburn,WA,usage_pattern,0.02,2025-12-10T07:54:35.610705,2025-12-10,Unusual usage pattern detected with score: -0.020,False,,0.5626684225810186
469611,Dennys,Seatac,WA,usage_pattern,0.017,2025-12-10T07:54:35.610752,2025-12-10,Unusual usage pattern detected with score: -0.017,False,,0.562668422037037
469455,Polaris Bergland Township,Bergland,MI,usage_pattern,0.076,2025-12-10T07:54:35.610819,2025-12-10,Unusual usage pattern detected with score: -0.076,False,,0.5626684212615741
469612,"Dennys - Auburn, WA",Auburn,WA,usage_pattern,0.02,2025-12-10T07:56:02.2019,2025-12-10,Unusual usage pattern detected with score: -0.020,False,,0.561666209675926
469611,Dennys,Seatac,WA,usage_pattern,0.017,2025-12-10T07:56:02.201998,2025-12-10,Unusual usage pattern detected with score: -0.017,False,,0.5616662085416667
469455,Polaris Bergland Township,Bergland,MI,usage_pattern,0.076,2025-12-10T07:56:02.20211,2025-12-10,Unusual usage pattern detected with score: -0.076,False,,0.5616662072453704
469612,"Dennys - Auburn, WA",Auburn,WA,usage_pattern,0.02,2025-12-10T07:57:28.933485,2025-12-10,Unusual usage pattern detected with score: -0.020,False,,0.5606623718865741
469611,Dennys,Seatac,WA,usage_pattern,0.017,2025-12-10T07:57:28.933532,2025-12-10,Unusual usage pattern detected with score: -0.017,False,,0.5606623713425926
469455,Polaris Bergland Township,Bergland,MI,usage_pattern,0.076,2025-12-10T07:57:28.933602,2025-12-10,Unusual usage pattern detected with score: -0.076,False,,0.5606623705324074
470314,EVolve NY Afton,Afton,NY,usage_pattern,0.03,2025-12-10T07:58:56.817741,2025-12-10,Unusual usage pattern detected with score: -0.030,False,,0.5596451929976852
469611,Dennys,Seatac,WA,usage_pattern,0.138,2025-12-10T07:58:56.818121,2025-12-10,Unusual usage pattern detected with score: -0.138,False,,0.559645188599537
469455,Polaris Bergland Township,Bergland,MI,usage_pattern,0.135,2025-12-10T07:58:56.818186,2025-12-10,Unusual usage pattern detected with score: -0.135,False,,0.5596451878472222
470314,EVolve NY Afton,Afton,NY,usage_pattern,0.03,2025-12-10T08:00:24.597036,2025-12-10,Unusual usage pattern detected with score: -0.030,False,,0.5586292289351852
469611,Dennys,Seatac,WA,usage_pattern,0.138,2025-12-10T08:00:24.597489,2025-12-10,Unusual usage pattern detected with score: -0.138,False,,0.5586292236921296
469455,Polaris Bergland Township,Bergland,MI,usage_pattern,0.135,2025-12-10T08:00:24.597557,2025-12-10,Unusual usage pattern detected with score: -0.135,False,,0.5586292229050925
470314,EVolve NY Afton,Afton,NY,usage_pattern,0.03,2025-12-10T08:01:56.35587,2025-12-10,Unusual usage pattern detected with score: -0.030,False,,0.5575672053935186
469611,Dennys,Seatac,WA,usage_pattern,0.138,2025-12-10T08:01:56.356272,2025-12-10,Unusual usage pattern detected with score: -0.138,False,,0.5575672007407407
469455,Polaris Bergland Township,Bergland,MI,usage_pattern,0.135,2025-12-10T08:01:56.356384,2025-12-10,Unusual usage pattern detected with score: -0.135,False,,0.5575671994444444
470314,EVolve NY Afton,Afton,NY,usage_pattern,0.03,2025-12-10T08:03:25.090806,2025-12-10,Unusual usage pattern detected with score: -0.030,False,,0.5565401806712963
469611,Dennys,Seatac,WA,usage_pattern,0.138,2025-12-10T08:03:25.091201,2025-12-10,Unusual usage pattern detected with score: -0.138,False,,0.556540176099537
469455,Polaris Bergland Township,Bergland,MI,usage_pattern,0.135,2025-12-10T08:03:25.091281,2025-12-10,Unusual usage pattern detected with score: -0.135,False,,0.5565401751736111
470314,EVolve NY Afton,Afton,NY,usage_pattern,0.03,2025-12-10T08:04:54.877744,2025-12-10,Unusual usage pattern detected with score: -0.030,False,,0.55550098
469611,Dennys,Seatac,WA,usage_pattern,0.138,2025-12-10T08:04:54.878139,2025-12-10,Unusual usage pattern detected with score: -0.138,False,,0.5555009754282407
469455,Polaris Bergland Township,Bergland,MI,usage_pattern,0.135,2025-12-10T08:04:54.878206,2025-12-10,Unusual usage pattern detected with score: -0.135,False,,0.5555009746527778
470314,EVolve NY Afton,Afton,NY,usage_pattern,0.03,2025-12-10T08:06:34.474214,2025-12-10,Unusual usage pattern detected with score: -0.030,False,,0.5543482430787037
469611,Dennys,Seatac,WA,usage_pattern,0.138,2025-12-10T08:06:34.474732,2025-12-10,Unusual usage pattern detected with score: -0.138,False,,0.5543482370833334
469455,Polaris Bergland Township,Bergland,MI,usage_pattern,0.135,2025-12-10T08:06:34.47481,2025-12-10,Unusual usage pattern detected with score: -0.135,False,,0.5543482361805555
470314,EVolve NY Afton,Afton,NY,usage_pattern,0.03,2025-12-10T08:08:04.630417,2025-12-10,Unusual usage pattern detected with score: -0.030,False,,0.5533047685069444
469611,Dennys,Seatac,WA,usage_pattern,0.138,2025-12-10T08:08:04.630822,2025-12-10,Unusual usage pattern detected with score: -0.138,False,,0.5533047638194445
469455,Polaris Bergland Township,Bergland,MI,usage_pattern,0.135,2025-12-10T08:08:04.630892,2025-12-10,Unusual usage pattern detected with score: -0.135,False,,0.5533047630092592
469612,"Dennys - Auburn, WA",Auburn,WA,usage_pattern,0.097,2025-12-10T08:09:32.214192,2025-12-10,Unusual usage pattern detected with score: -0.097,False,,0.5522910674074074
469455,Polaris Bergland Township,Bergland,MI,usage_pattern,0.091,2025-12-10T08:09:32.214387,2025-12-10,Unusual usage pattern detected with score: -0.091,False,,0.552291065150463
469374,Freewire Charging Station,Columbus,OH,usage_pattern,0.008,2025-12-10T08:09:32.214624,2025-12-10,Unusual usage pattern detected with score: -0.008,False,,0.5522910624074074
469612,"Dennys - Auburn, WA",Auburn,WA,usage_pattern,0.097,2025-12-10T08:11:01.82232,2025-12-10,Unusual usage pattern detected with score: -0.097,False,,0.5512539362962963
469455,Polaris Bergland Township,Bergland,MI,usage_pattern,0.091,2025-12-10T08:11:01.822538,2025-12-10,Unusual usage pattern detected with score: -0.091,False,,0.5512539337731481
469374,Freewire Charging Station,Columbus,OH,usage_pattern,0.008,2025-12-10T08:11:01.822726,2025-12-10,Unusual usage pattern detected with score: -0.008,False,,0.5512539315972222
469612,"Dennys - Auburn, WA",Auburn,WA,usage_pattern,0.097,2025-12-10T08:12:29.981157,2025-12-10,Unusual usage pattern detected with score: -0.097,False,,0.550233579386574
469455,Polaris Bergland Township,Bergland,MI,usage_pattern,0.091,2025-12-10T08:12:29.981258,2025-12-10,Unusual usage pattern detected with score: -0.091,False,,0.5502335782175926
469374,Freewire Charging Station,Columbus,OH,usage_pattern,0.008,2025-12-10T08:12:29.981461,2025-12-10,Unusual usage pattern detected with score: -0.008,False,,0.5502335758680555
469612,"Dennys - Auburn, WA",Auburn,WA,usage_pattern,0.097,2025-12-10T08:13:58.069181,2025-12-10,Unusual usage pattern detected with score: -0.097,False,,0.5492140420717593
469455,Polaris Bergland Township,Bergland,MI,usage_pattern,0.091,2025-12-10T08:13:58.069393,2025-12-10,Unusual usage pattern detected with score: -0.091,False,,0.5492140396180556
469374,Freewire Charging Station,Columbus,OH,usage_pattern,0.008,2025-12-10T08:13:58.069604,2025-12-10,Unusual usage pattern detected with score: -0.008,False,,0.5492140371759259
469612,"Dennys - Auburn, WA",Auburn,WA,usage_pattern,0.097,2025-12-10T08:15:25.935771,2025-12-10,Unusual usage pattern detected with score: -0.097,False,,0.5481970676504629
469455,Polaris Bergland Township,Bergland,MI,usage_pattern,0.091,2025-12-10T08:15:25.935921,2025-12-10,Unusual usage pattern detected with score: -0.091,False,,0.5481970659143518
469374,Freewire Charging Station,Columbus,OH,usage_pattern,0.008,2025-12-10T08:15:25.936138,2025-12-10,Unusual usage pattern detected with score: -0.008,False,,0.5481970634027777
470662,"Kittery Premium Outlets - Kittery, ME",Kittery,ME,usage_pattern,0.141,2025-12-10T09:43:26.690029,2025-12-10,Unusual usage pattern detected with score: -0.141,False,,0.48707722670138887
469612,"Dennys - Auburn, WA",Auburn,WA,usage_pattern,0.024,2025-12-10T09:43:26.690549,2025-12-10,Unusual usage pattern detected with score: -0.024,False,,0.48707722068287035
469611,Dennys,Seatac,WA,usage_pattern,0.022,2025-12-10T09:43:26.690589,2025-12-10,Unusual usage pattern detected with score: -0.022,False,,0.4870772202199074
469612,"Dennys - Auburn, WA",Auburn,WA,usage_pattern,0.007,2025-12-10T09:44:56.692448,2025-12-10,Unusual usage pattern detected with score: -0.007,False,,0.48603553203703703
469611,Dennys,Seatac,WA,usage_pattern,0.007,2025-12-10T09:44:56.692493,2025-12-10,Unusual usage pattern detected with score: -0.007,False,,0.4860355315162037
469374,Freewire Charging Station,Columbus,OH,usage_pattern,0.011,2025-12-10T09:44:56.692684,2025-12-10,Unusual usage pattern detected with score: -0.011,False,,0.48603552930555555
469612,"Dennys - Auburn, WA",Auburn,WA,usage_pattern,0.007,2025-12-10T09:46:24.654092,2025-12-10,Unusual usage pattern detected with score: -0.007,False,,0.4850174574537037
469611,Dennys,Seatac,WA,usage_pattern,0.007,2025-12-10T09:46:24.654139,2025-12-10,Unusual usage pattern detected with score: -0.007,False,,0.4850174569097222
469374,Freewire Charging Station,Columbus,OH,usage_pattern,0.011,2025-12-10T09:46:24.65434,2025-12-10,Unusual usage pattern detected with score: -0.011,False,,0.48501745458333334
469612,"Dennys - Auburn, WA",Auburn,WA,usage_pattern,0.007,2025-12-10T09:47:53.318738,2025-12-10,Unusual usage pattern detected with score: -0.007,False,,0.48399124627314816
469611,Dennys,Seatac,WA,usage_pattern,0.007,2025-12-10T09:47:53.318794,2025-12-10,Unusual usage pattern detected with score: -0.007,False,,0.483991245625
469374,Freewire Charging Station,Columbus,OH,usage_pattern,0.011,2025-12-10T09:47:53.319101,2025-12-10,Unusual usage pattern detected with score: -0.011,False,,0.48399124207175925
469612,"Dennys - Auburn, WA",Auburn,WA,usage_pattern,0.007,2025-12-10T09:49:21.272972,2025-12-10,Unusual usage pattern detected with score: -0.007,False,,0.48297325745370373
469611,Dennys,Seatac,WA,usage_pattern,0.007,2025-12-10T09:49:21.273087,2025-12-10,Unusual usage pattern detected with score: -0.007,False,,0.4829732561226852
469374,Freewire Charging Station,Columbus,OH,usage_pattern,0.011,2025-12-10T09:49:21.273335,2025-12-10,Unusual usage pattern detected with score: -0.011,False,,0.4829732532523148
469612,"Dennys - Auburn, WA",Auburn,WA,usage_pattern,0.007,2025-12-10T09:50:48.554771,2025-12-10,Unusual usage pattern detected with score: -0.007,False,,0.48196305144675927
469611,Dennys,Seatac,WA,usage_pattern,0.007,2025-12-10T09:50:48.554819,2025-12-10,Unusual usage pattern detected with score: -0.007,False,,0.4819630508912037
469374,Freewire Charging Station,Columbus,OH,usage_pattern,0.011,2025-12-10T09:50:48.555074,2025-12-10,Unusual usage pattern detected with score: -0.011,False,,0.4819630479398148
469612,"Dennys - Auburn, WA",Auburn,WA,usage_pattern,0.004,2025-12-10T09:52:16.022864,2025-12-10,Unusual usage pattern detected with score: -0.004,False,,0.48095068925925927
469611,Dennys,Seatac,WA,usage_pattern,0.006,2025-12-10T09:52:16.022912,2025-12-10,Unusual usage pattern detected with score: -0.006,False,,0.4809506887037037
469374,Freewire Charging Station,Columbus,OH,usage_pattern,0.009,2025-12-10T09:52:16.023177,2025-12-10,Unusual usage pattern detected with score: -0.009,False,,0.48095068563657406
469612,"Dennys - Auburn, WA",Auburn,WA,usage_pattern,0.006,2025-12-10T09:53:44.49895,2025-12-10,Unusual usage pattern detected with score: -0.006,False,,0.4799266604861111
469611,Dennys,Seatac,WA,usage_pattern,0.012,2025-12-10T09:53:44.499017,2025-12-10,Unusual usage pattern detected with score: -0.012,False,,0.47992665971064813
469374,Freewire Charging Station,Columbus,OH,usage_pattern,0.015,2025-12-10T09:53:44.499264,2025-12-10,Unusual usage pattern detected with score: -0.015,False,,0.4799266568518519
469612,"Dennys - Auburn, WA",Auburn,WA,usage_pattern,0.003,2025-12-10T09:55:12.069447,2025-12-10,Unusual usage pattern detected with score: -0.003,False,,0.47891311306712964
469611,Dennys,Seatac,WA,usage_pattern,0.009,2025-12-10T09:55:12.069495,2025-12-10,Unusual usage pattern detected with score: -0.009,False,,0.4789131125115741
469374,Freewire Charging Station,Columbus,OH,usage_pattern,0.014,2025-12-10T09:55:12.069706,2025-12-10,Unusual usage pattern detected with score: -0.014,False,,0.4789131100694444
469612,"Dennys - Auburn, WA",Auburn,WA,usage_pattern,0.003,2025-12-10T09:56:39.103332,2025-12-10,Unusual usage pattern detected with score: -0.003,False,,0.47790577643518517
469611,Dennys,Seatac,WA,usage_pattern,0.009,2025-12-10T09:56:39.103403,2025-12-10,Unusual usage pattern detected with score: -0.009,False,,0.4779057756134259
469374,Freewire Charging Station,Columbus,OH,usage_pattern,0.014,2025-12-10T09:56:39.103696,2025-12-10,Unusual usage pattern detected with score: -0.014,False,,0.47790577222222225
469612,"Dennys - Auburn, WA",Auburn,WA,usage_pattern,0.003,2025-12-10T09:58:20.063473,2025-12-10,Unusual usage pattern detected with score: -0.003,False,,0.47673725628472224
469611,Dennys,Seatac,WA,usage_pattern,0.009,2025-12-10T09:58:20.063519,2025-12-10,Unusual usage pattern detected with score: -0.009,False,,0.4767372557523148
469374,Freewire Charging Station,Columbus,OH,usage_pattern,0.014,2025-12-10T09:58:20.063716,2025-12-10,Unusual usage pattern detected with score: -0.014,False,,0.47673725347222223
469612,"Dennys - Auburn, WA",Auburn,WA,usage_pattern,0.003,2025-12-10T09:59:46.701457,2025-12-10,Unusual usage pattern detected with score: -0.003,False,,0.47573450184027777
469611,Dennys,Seatac,WA,usage_pattern,0.009,2025-12-10T09:59:46.701524,2025-12-10,Unusual usage pattern detected with score: -0.009,False,,0.4757345010648148
469374,Freewire Charging Station,Columbus,OH,usage_pattern,0.014,2025-12-10T09:59:46.701811,2025-12-10,Unusual usage pattern detected with score: -0.014,False,,0.47573449774305554
469612,"Dennys - Auburn, WA",Auburn,WA,usage_pattern,0.003,2025-12-10T10:01:20.845799,2025-12-10,Unusual usage pattern detected with score: -0.003,False,,0.47464486825231483
469611,Dennys,Seatac,WA,usage_pattern,0.009,2025-12-10T10:01:20.846123,2025-12-10,Unusual usage pattern detected with score: -0.009,False,,0.4746448645023148
469374,Freewire Charging Station,Columbus,OH,usage_pattern,0.014,2025-12-10T10:01:20.846664,2025-12-10,Unusual usage pattern detected with score: -0.014,False,,0.47464485824074076
469612,"Dennys - Auburn, WA",Auburn,WA,usage_pattern,0.003,2025-12-10T10:02:54.224332,2025-12-10,Unusual usage pattern detected with score: -0.003,False,,0.47356409819444445
469611,Dennys,Seatac,WA,usage_pattern,0.009,2025-12-10T10:02:54.224424,2025-12-10,Unusual usage pattern detected with score: -0.009,False,,0.4735640971296296
469374,Freewire Charging Station,Columbus,OH,usage_pattern,0.014,2025-12-10T10:02:54.22485,2025-12-10,Unusual usage pattern detected with score: -0.014,False,,0.4735640921990741
469612,"Dennys - Auburn, WA",Auburn,WA,usage_pattern,0.019,2025-12-10T10:04:24.397781,2025-12-10,Unusual usage pattern detected with score: -0.019,False,,0.4725204240162037
469611,Dennys,Seatac,WA,usage_pattern,0.022,2025-12-10T10:04:24.397858,2025-12-10,Unusual usage pattern detected with score: -0.022,False,,0.472520423125
469455,Polaris Bergland Township,Bergland,MI,usage_pattern,0.006,2025-12-10T10:04:24.398217,2025-12-10,Unusual usage pattern detected with score: -0.006,False,,0.47252041896990743
469612,"Dennys - Auburn, WA",Auburn,WA,usage_pattern,0.017,2025-12-10T10:06:00.001309,2025-12-10,Unusual usage pattern detected with score: -0.017,False,,0.4714139017013889
469611,Dennys,Seatac,WA,usage_pattern,0.02,2025-12-10T10:06:00.001467,2025-12-10,Unusual usage pattern detected with score: -0.020,False,,0.47141389987268517
469455,Polaris Bergland Township,Bergland,MI,usage_pattern,0.005,2025-12-10T10:06:00.001624,2025-12-10,Unusual usage pattern detected with score: -0.005,False,,0.47141389805555556
469612,"Dennys - Auburn, WA",Auburn,WA,usage_pattern,0.017,2025-12-10T10:07:29.658182,2025-12-10,Unusual usage pattern detected with score: -0.017,False,,0.47037620641203703
469611,Dennys,Seatac,WA,usage_pattern,0.02,2025-12-10T10:07:29.65823,2025-12-10,Unusual usage pattern detected with score: -0.020,False,,0.4703762058564815
469455,Polaris Bergland Township,Bergland,MI,usage_pattern,0.005,2025-12-10T10:07:29.658299,2025-12-10,Unusual usage pattern detected with score: -0.005,False,,0.47037620505787037
469612,"Dennys - Auburn, WA",Auburn,WA,usage_pattern,0.017,2025-12-10T10:09:51.408774,2025-12-10,Unusual usage pattern detected with score: -0.017,False,,0.46873557456018516
469611,Dennys,Seatac,WA,usage_pattern,0.02,2025-12-10T10:09:51.40883,2025-12-10,Unusual usage pattern detected with score: -0.020,False,,0.468735573912037
469455,Polaris Bergland Township,Bergland,MI,usage_pattern,0.005,2025-12-10T10:09:51.408928,2025-12-10,Unusual usage pattern detected with score: -0.005,False,,0.4687355727777778
469612,"Dennys - Auburn, WA",Auburn,WA,usage_pattern,0.017,2025-12-10T10:11:21.628682,2025-12-10,Unusual usage pattern detected with score: -0.017,False,,0.46769136266203704
469611,Dennys,Seatac,WA,usage_pattern,0.02,2025-12-10T10:11:21.62881,2025-12-10,Unusual usage pattern detected with score: -0.020,False,,0.46769136118055554
469455,Polaris Bergland Township,Bergland,MI,usage_pattern,0.005,2025-12-10T10:11:21.629063,2025-12-10,Unusual usage pattern detected with score: -0.005,False,,0.46769135825231484
469612,"Dennys - Auburn, WA",Auburn,WA,usage_pattern,0.017,2025-12-10T10:12:52.988669,2025-12-10,Unusual usage pattern detected with score: -0.017,False,,0.4666339554050926
469611,Dennys,Seatac,WA,usage_pattern,0.02,2025-12-10T10:12:52.988758,2025-12-10,Unusual usage pattern detected with score: -0.020,False,,0.466633954375
469455,Polaris Bergland Township,Bergland,MI,usage_pattern,0.005,2025-12-10T10:12:52.988877,2025-12-10,Unusual usage pattern detected with score: -0.005,False,,0.4666339529976852
469612,"Dennys - Auburn, WA",Auburn,WA,usage_pattern,0.017,2025-12-10T10:14:23.64558,2025-12-10,Unusual usage pattern detected with score: -0.017,False,,0.46558468560185184
469611,Dennys,Seatac,WA,usage_pattern,0.02,2025-12-10T10:14:23.645629,2025-12-10,Unusual usage pattern detected with score: -0.020,False,,0.4655846850347222
469455,Polaris Bergland Township,Bergland,MI,usage_pattern,0.005,2025-12-10T10:14:23.645696,2025-12-10,Unusual usage pattern detected with score: -0.005,False,,0.46558468425925925
469612,"Dennys - Auburn, WA",Auburn,WA,usage_pattern,0.041,2025-12-10T10:16:05.636242,2025-12-10,Unusual usage pattern detected with score: -0.041,False,,0.464404238125
469611,Dennys,Seatac,WA,usage_pattern,0.042,2025-12-10T10:16:05.636303,2025-12-10,Unusual usage pattern detected with score: -0.042,False,,0.46440423741898146
469455,Polaris Bergland Township,Bergland,MI,usage_pattern,0.019,2025-12-10T10:16:05.636385,2025-12-10,Unusual usage pattern detected with score: -0.019,False,,0.4644042364699074
469612,"Dennys - Auburn, WA",Auburn,WA,usage_pattern,0.041,2025-12-10T10:17:34.748711,2025-12-10,Unusual usage pattern detected with score: -0.041,False,,0.46337284380787036
469611,Dennys,Seatac,WA,usage_pattern,0.042,2025-12-10T10:17:34.748832,2025-12-10,Unusual usage pattern detected with score: -0.042,False,,0.4633728424074074
469455,Polaris Bergland Township,Bergland,MI,usage_pattern,0.019,2025-12-10T10:17:34.748961,2025-12-10,Unusual usage pattern detected with score: -0.019,False,,0.4633728409143518
469612,"Dennys - Auburn, WA",Auburn,WA,usage_pattern,0.041,2025-12-10T10:19:03.328318,2025-12-10,Unusual usage pattern detected with score: -0.041,False,,0.462347616875
469611,Dennys,Seatac,WA,usage_pattern,0.042,2025-12-10T10:19:03.328433,2025-12-10,Unusual usage pattern detected with score: -0.042,False,,0.46234761554398146
469455,Polaris Bergland Township,Bergland,MI,usage_pattern,0.019,2025-12-10T10:19:03.328592,2025-12-10,Unusual usage pattern detected with score: -0.019,False,,0.4623476137037037
469612,"Dennys - Auburn, WA",Auburn,WA,usage_pattern,0.041,2025-12-10T10:20:35.443372,2025-12-10,Unusual usage pattern detected with score: -0.041,False,,0.4612814704166667
469611,Dennys,Seatac,WA,usage_pattern,0.042,2025-12-10T10:20:35.443428,2025-12-10,Unusual usage pattern detected with score: -0.042,False,,0.4612814697685185
469455,Polaris Bergland Township,Bergland,MI,usage_pattern,0.019,2025-12-10T10:20:35.443509,2025-12-10,Unusual usage pattern detected with score: -0.019,False,,0.4612814688310185
469612,"Dennys - Auburn, WA",Auburn,WA,usage_pattern,0.041,2025-12-10T10:22:05.368841,2025-12-10,Unusual usage pattern detected with score: -0.041,False,,0.4602406663773148
469611,Dennys,Seatac,WA,usage_pattern,0.042,2025-12-10T10:22:05.368937,2025-12-10,Unusual usage pattern detected with score: -0.042,False,,0.4602406652662037
469455,Polaris Bergland Township,Bergland,MI,usage_pattern,0.019,2025-12-10T10:22:05.369147,2025-12-10,Unusual usage pattern detected with score: -0.019,False,,0.46024066283564813
469612,"Dennys - Auburn, WA",Auburn,WA,usage_pattern,0.037,2025-12-10T10:23:36.842285,2025-12-10,Unusual usage pattern detected with score: -0.037,False,,0.45918194596064815
469611,Dennys,Seatac,WA,usage_pattern,0.038,2025-12-10T10:23:36.842418,2025-12-10,Unusual usage pattern detected with score: -0.038,False,,0.4591819444212963
469455,Polaris Bergland Township,Bergland,MI,usage_pattern,0.019,2025-12-10T10:23:36.842567,2025-12-10,Unusual usage pattern detected with score: -0.019,False,,0.45918194269675927
469612,"Dennys - Auburn, WA",Auburn,WA,usage_pattern,0.037,2025-12-10T10:25:27.845393,2025-12-10,Unusual usage pattern detected with score: -0.037,False,,0.4578971877662037
469611,Dennys,Seatac,WA,usage_pattern,0.038,2025-12-10T10:25:27.845497,2025-12-10,Unusual usage pattern detected with score: -0.038,False,,0.4578971865625
469455,Polaris Bergland Township,Bergland,MI,usage_pattern,0.019,2025-12-10T10:25:27.845626,2025-12-10,Unusual usage pattern detected with score: -0.019,False,,0.45789718506944443
469612,"Dennys - Auburn, WA",Auburn,WA,usage_pattern,0.03,2025-12-10T10:26:57.517926,2025-12-10,Unusual usage pattern detected with score: -0.030,False,,0.45685931122685186
469611,Dennys,Seatac,WA,usage_pattern,0.032,2025-12-10T10:26:57.518086,2025-12-10,Unusual usage pattern detected with score: -0.032,False,,0.456859309375
469374,Freewire Charging Station,Columbus,OH,usage_pattern,0.018,2025-12-10T10:26:57.518465,2025-12-10,Unusual usage pattern detected with score: -0.018,False,,0.4568593049884259
469612,"Dennys - Auburn, WA",Auburn,WA,usage_pattern,0.03,2025-12-10T10:28:29.830017,2025-12-10,Unusual usage pattern detected with score: -0.030,False,,0.4557908842476852
469611,Dennys,Seatac,WA,usage_pattern,0.032,2025-12-10T10:28:29.830129,2025-12-10,Unusual usage pattern detected with score: -0.032,False,,0.45579088295138886
469374,Freewire Charging Station,Columbus,OH,usage_pattern,0.018,2025-12-10T10:28:29.830415,2025-12-10,Unusual usage pattern detected with score: -0.018,False,,0.4557908796412037
469612,"Dennys - Auburn, WA",Auburn,WA,usage_pattern,0.03,2025-12-10T10:30:07.098464,2025-12-10,Unusual usage pattern detected with score: -0.030,False,,0.45466509203703703
469611,Dennys,Seatac,WA,usage_pattern,0.032,2025-12-10T10:30:07.098526,2025-12-10,Unusual usage pattern detected with score: -0.032,False,,0.45466509131944444
469374,Freewire Charging Station,Columbus,OH,usage_pattern,0.018,2025-12-10T10:30:07.098786,2025-12-10,Unusual usage pattern detected with score: -0.018,False,,0.4546650883101852
469612,"Dennys - Auburn, WA",Auburn,WA,usage_pattern,0.03,2025-12-10T10:31:36.026211,2025-12-10,Unusual usage pattern detected with score: -0.030,False,,0.4536358357060185
469611,Dennys,Seatac,WA,usage_pattern,0.032,2025-12-10T10:31:36.026279,2025-12-10,Unusual usage pattern detected with score: -0.032,False,,0.45363583491898146
469374,Freewire Charging Station,Columbus,OH,usage_pattern,0.018,2025-12-10T10:31:36.026598,2025-12-10,Unusual usage pattern detected with score: -0.018,False,,0.45363583122685186
469612,"Dennys - Auburn, WA",Auburn,WA,usage_pattern,0.03,2025-12-10T10:33:04.463377,2025-12-10,Unusual usage pattern detected with score: -0.030,False,,0.45261225739583333
469611,Dennys,Seatac,WA,usage_pattern,0.032,2025-12-10T10:33:04.463604,2025-12-10,Unusual usage pattern detected with score: -0.032,False,,0.4526122547685185
469374,Freewire Charging Station,Columbus,OH,usage_pattern,0.018,2025-12-10T10:33:04.464532,2025-12-10,Unusual usage pattern detected with score: -0.018,False,,0.4526122440277778
469612,"Dennys - Auburn, WA",Auburn,WA,usage_pattern,0.03,2025-12-10T10:34:33.554894,2025-12-10,Unusual usage pattern detected with score: -0.030,False,,0.4515811055787037
469611,Dennys,Seatac,WA,usage_pattern,0.032,2025-12-10T10:34:33.555135,2025-12-10,Unusual usage pattern detected with score: -0.032,False,,0.4515811027893519
469374,Freewire Charging Station,Columbus,OH,usage_pattern,0.018,2025-12-10T10:34:33.555634,2025-12-10,Unusual usage pattern detected with score: -0.018,False,,0.4515810970138889
469612,"Dennys - Auburn, WA",Auburn,WA,usage_pattern,0.03,2025-12-10T10:36:02.443224,2025-12-10,Unusual usage pattern detected with score: -0.030,False,,0.450552305462963
469611,Dennys,Seatac,WA,usage_pattern,0.032,2025-12-10T10:36:02.443289,2025-12-10,Unusual usage pattern detected with score: -0.032,False,,0.45055230471064817
469374,Freewire Charging Station,Columbus,OH,usage_pattern,0.018,2025-12-10T10:36:02.443565,2025-12-10,Unusual usage pattern detected with score: -0.018,False,,0.4505523015162037
469612,"Dennys - Auburn, WA",Auburn,WA,usage_pattern,0.047,2025-12-10T10:37:32.87469,2025-12-10,Unusual usage pattern detected with score: -0.047,False,,0.44950564497685186
469611,Dennys,Seatac,WA,usage_pattern,0.042,2025-12-10T10:37:32.874761,2025-12-10,Unusual usage pattern detected with score: -0.042,False,,0.4495056441550926
469374,Freewire Charging Station,Columbus,OH,usage_pattern,0.012,2025-12-10T10:37:32.87513,2025-12-10,Unusual usage pattern detected with score: -0.012,False,,0.44950563988425923
469612,"Dennys - Auburn, WA",Auburn,WA,usage_pattern,0.047,2025-12-10T10:39:01.412093,2025-12-10,Unusual usage pattern detected with score: -0.047,False,,0.4484809065162037
469611,Dennys,Seatac,WA,usage_pattern,0.042,2025-12-10T10:39:01.412333,2025-12-10,Unusual usage pattern detected with score: -0.042,False,,0.4484809037384259
469374,Freewire Charging Station,Columbus,OH,usage_pattern,0.012,2025-12-10T10:39:01.412828,2025-12-10,Unusual usage pattern detected with score: -0.012,False,,0.4484808980092593
469612,"Dennys - Auburn, WA",Auburn,WA,usage_pattern,0.047,2025-12-10T10:40:43.270806,2025-12-10,Unusual usage pattern detected with score: -0.047,False,,0.44730198622685186
469611,Dennys,Seatac,WA,usage_pattern,0.042,2025-12-10T10:40:43.270873,2025-12-10,Unusual usage pattern detected with score: -0.042,False,,0.4473019854513889
469374,Freewire Charging Station,Columbus,OH,usage_pattern,0.012,2025-12-10T10:40:43.271234,2025-12-10,Unusual usage pattern detected with score: -0.012,False,,0.44730198127314813
469612,"Dennys - Auburn, WA",Auburn,WA,usage_pattern,0.047,2025-12-10T10:42:11.640595,2025-12-10,Unusual usage pattern detected with score: -0.047,False,,0.4462791877430556
469611,Dennys,Seatac,WA,usage_pattern,0.042,2025-12-10T10:42:11.640671,2025-12-10,Unusual usage pattern detected with score: -0.042,False,,0.44627918686342594
469374,Freewire Charging Station,Columbus,OH,usage_pattern,0.012,2025-12-10T10:42:11.641018,2025-12-10,Unusual usage pattern detected with score: -0.012,False,,0.44627918284722223
469612,"Dennys - Auburn, WA",Auburn,WA,usage_pattern,0.047,2025-12-10T10:43:39.872304,2025-12-10,Unusual usage pattern detected with score: -0.047,False,,0.4452579874074074
469611,Dennys,Seatac,WA,usage_pattern,0.042,2025-12-10T10:43:39.872382,2025-12-10,Unusual usage pattern detected with score: -0.042,False,,0.4452579865046296
469374,Freewire Charging Station,Columbus,OH,usage_pattern,0.012,2025-12-10T10:43:39.872677,2025-12-10,Unusual usage pattern detected with score: -0.012,False,,0.44525798309027775
469612,"Dennys - Auburn, WA",Auburn,WA,usage_pattern,0.047,2025-12-10T10:45:16.237268,2025-12-10,Unusual usage pattern detected with score: -0.047,False,,0.4441426521759259
469611,Dennys,Seatac,WA,usage_pattern,0.042,2025-12-10T10:45:16.237331,2025-12-10,Unusual usage pattern detected with score: -0.042,False,,0.44414265144675924
469374,Freewire Charging Station,Columbus,OH,usage_pattern,0.012,2025-12-10T10:45:16.237589,2025-12-10,Unusual usage pattern detected with score: -0.012,False,,0.44414264846064816
469612,"Dennys - Auburn, WA",Auburn,WA,usage_pattern,0.047,2025-12-10T10:46:44.852341,2025-12-10,Unusual usage pattern detected with score: -0.047,False,,0.4431170147569444
469611,Dennys,Seatac,WA,usage_pattern,0.042,2025-12-10T10:46:44.852406,2025-12-10,Unusual usage pattern detected with score: -0.042,False,,0.4431170140046296
469374,Freewire Charging Station,Columbus,OH,usage_pattern,0.012,2025-12-10T10:46:44.852666,2025-12-10,Unusual usage pattern detected with score: -0.012,False,,0.4431170109953704
469612,"Dennys - Auburn, WA",Auburn,WA,usage_pattern,0.048,2025-12-10T10:48:14.787829,2025-12-10,Unusual usage pattern detected with score: -0.048,False,,0.4420760947569444
469611,Dennys,Seatac,WA,usage_pattern,0.041,2025-12-10T10:48:14.787904,2025-12-10,Unusual usage pattern detected with score: -0.041,False,,0.4420760938888889
469374,Freewire Charging Station,Columbus,OH,usage_pattern,0.012,2025-12-10T10:48:14.788266,2025-12-10,Unusual usage pattern detected with score: -0.012,False,,0.4420760896990741
469612,"Dennys - Auburn, WA",Auburn,WA,usage_pattern,0.048,2025-12-10T10:49:51.870818,2025-12-10,Unusual usage pattern detected with score: -0.048,False,,0.4409524490509259
469611,Dennys,Seatac,WA,usage_pattern,0.041,2025-12-10T10:49:51.870904,2025-12-10,Unusual usage pattern detected with score: -0.041,False,,0.44095244805555556
469374,Freewire Charging Station,Columbus,OH,usage_pattern,0.012,2025-12-10T10:49:51.871314,2025-12-10,Unusual usage pattern detected with score: -0.012,False,,0.4409524433101852
469612,"Dennys - Auburn, WA",Auburn,WA,usage_pattern,0.048,2025-12-10T10:51:20.078727,2025-12-10,Unusual usage pattern detected with score: -0.048,False,,0.4399315241782407
469611,Dennys,Seatac,WA,usage_pattern,0.041,2025-12-10T10:51:20.078787,2025-12-10,Unusual usage pattern detected with score: -0.041,False,,0.43993152348379627
469374,Freewire Charging Station,Columbus,OH,usage_pattern,0.012,2025-12-10T10:51:20.079139,2025-12-10,Unusual usage pattern detected with score: -0.012,False,,0.43993151940972225
469612,"Dennys - Auburn, WA",Auburn,WA,usage_pattern,0.048,2025-12-10T10:52:47.949581,2025-12-10,Unusual usage pattern detected with score: -0.048,False,,0.4389145004050926
469611,Dennys,Seatac,WA,usage_pattern,0.041,2025-12-10T10:52:47.949648,2025-12-10,Unusual usage pattern detected with score: -0.041,False,,0.43891449962962964
469374,Freewire Charging Station,Columbus,OH,usage_pattern,0.012,2025-12-10T10:52:47.950001,2025-12-10,Unusual usage pattern detected with score: -0.012,False,,0.4389144955439815
469612,"Dennys - Auburn, WA",Auburn,WA,usage_pattern,0.048,2025-12-10T10:54:16.056068,2025-12-10,Unusual usage pattern detected with score: -0.048,False,,0.43789474939814815
469611,Dennys,Seatac,WA,usage_pattern,0.041,2025-12-10T10:54:16.056152,2025-12-10,Unusual usage pattern detected with score: -0.041,False,,0.4378947484259259
469374,Freewire Charging Station,Columbus,OH,usage_pattern,0.012,2025-12-10T10:54:16.056445,2025-12-10,Unusual usage pattern detected with score: -0.012,False,,0.4378947450347222
469612,"Dennys - Auburn, WA",Auburn,WA,usage_pattern,0.05,2025-12-10T10:55:47.156656,2025-12-10,Unusual usage pattern detected with score: -0.050,False,,0.4368403444444444
469611,Dennys,Seatac,WA,usage_pattern,0.045,2025-12-10T10:55:47.156744,2025-12-10,Unusual usage pattern detected with score: -0.045,False,,0.4368403434259259
469374,Freewire Charging Station,Columbus,OH,usage_pattern,0.014,2025-12-10T10:55:47.157089,2025-12-10,Unusual usage pattern detected with score: -0.014,False,,0.4368403394328704
469612,"Dennys - Auburn, WA",Auburn,WA,usage_pattern,0.05,2025-12-10T10:57:13.968267,2025-12-10,Unusual usage pattern detected with score: -0.050,False,,0.4358355804282407
469611,Dennys,Seatac,WA,usage_pattern,0.045,2025-12-10T10:57:13.968319,2025-12-10,Unusual usage pattern detected with score: -0.045,False,,0.4358355798263889
469374,Freewire Charging Station,Columbus,OH,usage_pattern,0.014,2025-12-10T10:57:13.968681,2025-12-10,Unusual usage pattern detected with score: -0.014,False,,0.43583557563657405
469612,"Dennys - Auburn, WA",Auburn,WA,usage_pattern,0.052,2025-12-10T10:58:41.200933,2025-12-10,Unusual usage pattern detected with score: -0.052,False,,0.4348259430902778
469611,Dennys,Seatac,WA,usage_pattern,0.032,2025-12-10T10:58:41.201079,2025-12-10,Unusual usage pattern detected with score: -0.032,False,,0.434825941400463
469374,Freewire Charging Station,Columbus,OH,usage_pattern,0.007,2025-12-10T10:58:41.201394,2025-12-10,Unusual usage pattern detected with score: -0.007,False,,0.43482593775462963
469612,"Dennys - Auburn, WA",Auburn,WA,usage_pattern,0.052,2025-12-10T11:00:09.450459,2025-12-10,Unusual usage pattern detected with score: -0.052,False,,0.43380453653935186
469611,Dennys,Seatac,WA,usage_pattern,0.032,2025-12-10T11:00:09.450514,2025-12-10,Unusual usage pattern detected with score: -0.032,False,,0.4338045359027778
469374,Freewire Charging Station,Columbus,OH,usage_pattern,0.007,2025-12-10T11:00:09.450749,2025-12-10,Unusual usage pattern detected with score: -0.007,False,,0.4338045331828704
469612,"Dennys - Auburn, WA",Auburn,WA,usage_pattern,0.052,2025-12-10T11:01:38.958091,2025-12-10,Unusual usage pattern detected with score: -0.052,False,,0.4327685685763889
469611,Dennys,Seatac,WA,usage_pattern,0.032,2025-12-10T11:01:38.958175,2025-12-10,Unusual usage pattern detected with score: -0.032,False,,0.43276856760416665
469374,Freewire Charging Station,Columbus,OH,usage_pattern,0.007,2025-12-10T11:01:38.958429,2025-12-10,Unusual usage pattern detected with score: -0.007,False,,0.4327685646643519
469612,"Dennys - Auburn, WA",Auburn,WA,usage_pattern,0.052,2025-12-10T11:03:06.981367,2025-12-10,Unusual usage pattern detected with score: -0.052,False,,0.43174978065972225
469611,Dennys,Seatac,WA,usage_pattern,0.032,2025-12-10T11:03:06.981423,2025-12-10,Unusual usage pattern detected with score: -0.032,False,,0.43174978001157405
469374,Freewire Charging Station,Columbus,OH,usage_pattern,0.007,2025-12-10T11:03:06.981664,2025-12-10,Unusual usage pattern detected with score: -0.007,False,,0.43174977722222224
469612,"Dennys - Auburn, WA",Auburn,WA,usage_pattern,0.052,2025-12-10T11:04:40.091082,2025-12-10,Unusual usage pattern detected with score: -0.052,False,,0.4306721219212963
469611,Dennys,Seatac,WA,usage_pattern,0.032,2025-12-10T11:04:40.091164,2025-12-10,Unusual usage pattern detected with score: -0.032,False,,0.43067212097222224
469374,Freewire Charging Station,Columbus,OH,usage_pattern,0.007,2025-12-10T11:04:40.091442,2025-12-10,Unusual usage pattern detected with score: -0.007,False,,0.4306721177546296
469612,"Dennys - Auburn, WA",Auburn,WA,usage_pattern,0.05,2025-12-10T11:06:19.508571,2025-12-10,Unusual usage pattern detected with score: -0.050,False,,0.42952145653935186
469611,Dennys,Seatac,WA,usage_pattern,0.029,2025-12-10T11:06:19.508626,2025-12-10,Unusual usage pattern detected with score: -0.029,False,,0.4295214559027778
469374,Freewire Charging Station,Columbus,OH,usage_pattern,0.007,2025-12-10T11:06:19.508874,2025-12-10,Unusual usage pattern detected with score: -0.007,False,,0.4295214530324074
469612,"Dennys - Auburn, WA",Auburn,WA,usage_pattern,0.047,2025-12-10T11:07:48.690329,2025-12-10,Unusual usage pattern detected with score: -0.047,False,,0.4284892602662037
469611,Dennys,Seatac,WA,usage_pattern,0.035,2025-12-10T11:07:48.690409,2025-12-10,Unusual usage pattern detected with score: -0.035,False,,0.42848925934027776
469374,Freewire Charging Station,Columbus,OH,usage_pattern,0.022,2025-12-10T11:07:48.690768,2025-12-10,Unusual usage pattern detected with score: -0.022,False,,0.42848925518518516
469612,"Dennys - Auburn, WA",Auburn,WA,usage_pattern,0.047,2025-12-10T11:09:17.138252,2025-12-10,Unusual usage pattern detected with score: -0.047,False,,0.4274655574537037
469611,Dennys,Seatac,WA,usage_pattern,0.035,2025-12-10T11:09:17.138312,2025-12-10,Unusual usage pattern detected with score: -0.035,False,,0.42746555675925924
469374,Freewire Charging Station,Columbus,OH,usage_pattern,0.022,2025-12-10T11:09:17.138561,2025-12-10,Unusual usage pattern detected with score: -0.022,False,,0.42746555387731483
469612,"Dennys - Auburn, WA",Auburn,WA,usage_pattern,0.047,2025-12-10T11:10:58.755009,2025-12-10,Unusual usage pattern detected with score: -0.047,False,,0.4262894375810185
469611,Dennys,Seatac,WA,usage_pattern,0.035,2025-12-10T11:10:58.755195,2025-12-10,Unusual usage pattern detected with score: -0.035,False,,0.4262894354282407
469374,Freewire Charging Station,Columbus,OH,usage_pattern,0.022,2025-12-10T11:10:58.755496,2025-12-10,Unusual usage pattern detected with score: -0.022,False,,0.42628943194444446
469612,"Dennys - Auburn, WA",Auburn,WA,usage_pattern,0.047,2025-12-10T11:12:27.019738,2025-12-10,Unusual usage pattern detected with score: -0.047,False,,0.4252678550694444
469611,Dennys,Seatac,WA,usage_pattern,0.035,2025-12-10T11:12:27.019807,2025-12-10,Unusual usage pattern detected with score: -0.035,False,,0.42526785427083336
469374,Freewire Charging Station,Columbus,OH,usage_pattern,0.022,2025-12-10T11:12:27.020157,2025-12-10,Unusual usage pattern detected with score: -0.022,False,,0.42526785021990743
469612,"Dennys - Auburn, WA",Auburn,WA,usage_pattern,0.047,2025-12-10T11:13:54.228,2025-12-10,Unusual usage pattern detected with score: -0.047,False,,0.4242585001851852
469611,Dennys,Seatac,WA,usage_pattern,0.036,2025-12-10T11:13:54.2281,2025-12-10,Unusual usage pattern detected with score: -0.036,False,,0.4242584990277778
469374,Freewire Charging Station,Columbus,OH,usage_pattern,0.023,2025-12-10T11:13:54.228361,2025-12-10,Unusual usage pattern detected with score: -0.023,False,,0.42425849600694443
469612,"Dennys - Auburn, WA",Auburn,WA,usage_pattern,0.047,2025-12-10T11:15:40.097847,2025-12-10,Unusual usage pattern detected with score: -0.047,False,,0.4230331547337963
469611,Dennys,Seatac,WA,usage_pattern,0.036,2025-12-10T11:15:40.097912,2025-12-10,Unusual usage pattern detected with score: -0.036,False,,0.4230331539814815
469374,Freewire Charging Station,Columbus,OH,usage_pattern,0.023,2025-12-10T11:15:40.098268,2025-12-10,Unusual usage pattern detected with score: -0.023,False,,0.4230331498611111
469612,"Dennys - Auburn, WA",Auburn,WA,usage_pattern,0.047,2025-12-10T11:17:08.938633,2025-12-10,Unusual usage pattern detected with score: -0.047,False,,0.4220049048958333
469611,Dennys,Seatac,WA,usage_pattern,0.036,2025-12-10T11:17:08.938693,2025-12-10,Unusual usage pattern detected with score: -0.036,False,,0.42200490420138886
469374,Freewire Charging Station,Columbus,OH,usage_pattern,0.023,2025-12-10T11:17:08.93895,2025-12-10,Unusual usage pattern detected with score: -0.023,False,,0.42200490122685186
469612,"Dennys - Auburn, WA",Auburn,WA,usage_pattern,0.044,2025-12-10T11:18:38.348396,2025-12-10,Unusual usage pattern detected with score: -0.044,False,,0.42097006967592593
469611,Dennys,Seatac,WA,usage_pattern,0.033,2025-12-10T11:18:38.348458,2025-12-10,Unusual usage pattern detected with score: -0.033,False,,0.42097006895833333
469374,Freewire Charging Station,Columbus,OH,usage_pattern,0.007,2025-12-10T11:18:38.348747,2025-12-10,Unusual usage pattern detected with score: -0.007,False,,0.4209700656134259
469612,"Dennys - Auburn, WA",Auburn,WA,usage_pattern,0.044,2025-12-10T11:20:10.078647,2025-12-10,Unusual usage pattern detected with score: -0.044,False,,0.4199083769560185
469611,Dennys,Seatac,WA,usage_pattern,0.033,2025-12-10T11:20:10.078701,2025-12-10,Unusual usage pattern detected with score: -0.033,False,,0.4199083763310185
469374,Freewire Charging Station,Columbus,OH,usage_pattern,0.007,2025-12-10T11:20:10.078909,2025-12-10,Unusual usage pattern detected with score: -0.007,False,,0.41990837392361113
469612,"Dennys - Auburn, WA",Auburn,WA,usage_pattern,0.044,2025-12-10T11:21:39.183088,2025-12-10,Unusual usage pattern detected with score: -0.044,False,,0.41887707555555553
469611,Dennys,Seatac,WA,usage_pattern,0.033,2025-12-10T11:21:39.183144,2025-12-10,Unusual usage pattern detected with score: -0.033,False,,0.4188770749074074
469374,Freewire Charging Station,Columbus,OH,usage_pattern,0.007,2025-12-10T11:21:39.183407,2025-12-10,Unusual usage pattern detected with score: -0.007,False,,0.41887707186342593
469612,"Dennys - Auburn, WA",Auburn,WA,usage_pattern,0.044,2025-12-10T11:23:07.662808,2025-12-10,Unusual usage pattern detected with score: -0.044,False,,0.4178530047222222
469611,Dennys,Seatac,WA,usage_pattern,0.033,2025-12-10T11:23:07.662873,2025-12-10,Unusual usage pattern detected with score: -0.033,False,,0.41785300396990743
469374,Freewire Charging Station,Columbus,OH,usage_pattern,0.007,2025-12-10T11:23:07.66322,2025-12-10,Unusual usage pattern detected with score: -0.007,False,,0.41785299995370373
469612,"Dennys - Auburn, WA",Auburn,WA,usage_pattern,0.044,2025-12-10T11:53:44.875843,2025-12-10,Unusual usage pattern detected with score: -0.044,False,,0.3965889649652778
469611,Dennys,Seatac,WA,usage_pattern,0.033,2025-12-10T11:53:44.875893,2025-12-10,Unusual usage pattern detected with score: -0.033,False,,0.3965889643865741
469374,Freewire Charging Station,Columbus,OH,usage_pattern,0.007,2025-12-10T11:53:44.876094,2025-12-10,Unusual usage pattern detected with score: -0.007,False,,0.3965889620601852
469612,"Dennys - Auburn, WA",Auburn,WA,usage_pattern,0.027,2025-12-10T20:25:33.187644,2025-12-10,Unusual usage pattern detected with score: -0.027,False,,0.04116868949074074
469611,Dennys,Seatac,WA,usage_pattern,0.023,2025-12-10T20:25:33.187749,2025-12-10,Unusual usage pattern detected with score: -0.023,False,,0.04116868827546296
469455,Polaris Bergland Township,Bergland,MI,usage_pattern,0.108,2025-12-10T20:25:33.187865,2025-12-10,Unusual usage pattern detected with score: -0.108,False,,0.04116868693287037
470498,US Highway 57,Eagle Pass,Texas,usage_pattern,0.044,2025-12-10T20:27:41.806474,2025-12-10,Unusual usage pattern detected with score: -0.044,False,,0.039680045625
469612,"Dennys - Auburn, WA",Auburn,WA,usage_pattern,0.072,2025-12-10T20:27:41.807267,2025-12-10,Unusual usage pattern detected with score: -0.072,False,,0.039680036446759256
469455,Polaris Bergland Township,Bergland,MI,usage_pattern,0.063,2025-12-10T20:27:41.807439,2025-12-10,Unusual usage pattern detected with score: -0.063,False,,0.03968003445601852
470498,US Highway 57,Eagle Pass,Texas,usage_pattern,0.044,2025-12-10T20:29:12.308935,2025-12-10,Unusual usage pattern detected with score: -0.044,False,,0.0386325634375
469612,"Dennys - Auburn, WA",Auburn,WA,usage_pattern,0.072,2025-12-10T20:29:12.309659,2025-12-10,Unusual usage pattern detected with score: -0.072,False,,0.03863255505787037
469455,Polaris Bergland Township,Bergland,MI,usage_pattern,0.063,2025-12-10T20:29:12.309796,2025-12-10,Unusual usage pattern detected with score: -0.063,False,,0.03863255347222222
470498,US Highway 57,Eagle Pass,Texas,usage_pattern,0.043,2025-12-10T20:31:11.016668,2025-12-10,Unusual usage pattern detected with score: -0.043,False,,0.037258631342592594
469612,"Dennys - Auburn, WA",Auburn,WA,usage_pattern,0.071,2025-12-10T20:31:11.017193,2025-12-10,Unusual usage pattern detected with score: -0.071,False,,0.0372586252662037
469455,Polaris Bergland Township,Bergland,MI,usage_pattern,0.062,2025-12-10T20:31:11.01731,2025-12-10,Unusual usage pattern detected with score: -0.062,False,,0.037258623912037034
470498,US Highway 57,Eagle Pass,Texas,usage_pattern,0.043,2025-12-10T20:32:40.696102,2025-12-10,Unusual usage pattern detected with score: -0.043,False,,0.03622067493055556
469612,"Dennys - Auburn, WA",Auburn,WA,usage_pattern,0.071,2025-12-10T20:32:40.696696,2025-12-10,Unusual usage pattern detected with score: -0.071,False,,0.03622066805555556
469455,Polaris Bergland Township,Bergland,MI,usage_pattern,0.062,2025-12-10T20:32:40.69682,2025-12-10,Unusual usage pattern detected with score: -0.062,False,,0.03622066662037037
470498,US Highway 57,Eagle Pass,Texas,usage_pattern,0.043,2025-12-10T20:34:10.641699,2025-12-10,Unusual usage pattern detected with score: -0.043,False,,0.03517963792824074
469612,"Dennys - Auburn, WA",Auburn,WA,usage_pattern,0.071,2025-12-10T20:34:10.642213,2025-12-10,Unusual usage pattern detected with score: -0.071,False,,0.03517963197916667
469455,Polaris Bergland Township,Bergland,MI,usage_pattern,0.062,2025-12-10T20:34:10.642326,2025-12-10,Unusual usage pattern detected with score: -0.062,False,,0.0351796306712963
470498,US Highway 57,Eagle Pass,Texas,usage_pattern,0.043,2025-12-10T20:35:48.964334,2025-12-10,Unusual usage pattern detected with score: -0.043,False,,0.03404164446759259
469612,"Dennys - Auburn, WA",Auburn,WA,usage_pattern,0.071,2025-12-10T20:35:48.965449,2025-12-10,Unusual usage pattern detected with score: -0.071,False,,0.0340416315625
469455,Polaris Bergland Township,Bergland,MI,usage_pattern,0.062,2025-12-10T20:35:48.965756,2025-12-10,Unusual usage pattern detected with score: -0.062,False,,0.03404162800925926
470498,US Highway 57,Eagle Pass,Texas,usage_pattern,0.043,2025-12-10T20:37:19.467902,2025-12-10,Unusual usage pattern detected with score: -0.043,False,,0.03299414946759259
469612,"Dennys - Auburn, WA",Auburn,WA,usage_pattern,0.071,2025-12-10T20:37:19.468993,2025-12-10,Unusual usage pattern detected with score: -0.071,False,,0.03299413684027778
469455,Polaris Bergland Township,Bergland,MI,usage_pattern,0.062,2025-12-10T20:37:19.469236,2025-12-10,Unusual usage pattern detected with score: -0.062,False,,0.032994134027777774
470498,US Highway 57,Eagle Pass,Texas,usage_pattern,0.052,2025-12-10T20:38:49.984783,2025-12-10,Unusual usage pattern detected with score: -0.052,False,,0.031946500381944444
469612,"Dennys - Auburn, WA",Auburn,WA,usage_pattern,0.008,2025-12-10T20:38:49.985446,2025-12-10,Unusual usage pattern detected with score: -0.008,False,,0.031946492708333336
469455,Polaris Bergland Township,Bergland,MI,usage_pattern,0.064,2025-12-10T20:38:49.985663,2025-12-10,Unusual usage pattern detected with score: -0.064,False,,0.03194649019675926
470498,US Highway 57,Eagle Pass,Texas,usage_pattern,0.052,2025-12-10T20:40:18.875333,2025-12-10,Unusual usage pattern detected with score: -0.052,False,,0.03091767457175926
469612,"Dennys - Auburn, WA",Auburn,WA,usage_pattern,0.008,2025-12-10T20:40:18.876143,2025-12-10,Unusual usage pattern detected with score: -0.008,False,,0.03091766519675926
469455,Polaris Bergland Township,Bergland,MI,usage_pattern,0.064,2025-12-10T20:40:18.876271,2025-12-10,Unusual usage pattern detected with score: -0.064,False,,0.03091766371527778
470498,US Highway 57,Eagle Pass,Texas,usage_pattern,0.052,2025-12-10T20:41:48.83019,2025-12-10,Unusual usage pattern detected with score: -0.052,False,,0.029876530393518518
469612,"Dennys - Auburn, WA",Auburn,WA,usage_pattern,0.005,2025-12-10T20:41:48.830887,2025-12-10,Unusual usage pattern detected with score: -0.005,False,,0.029876522326388887
469455,Polaris Bergland Township,Bergland,MI,usage_pattern,0.064,2025-12-10T20:41:48.831026,2025-12-10,Unusual usage pattern detected with score: -0.064,False,,0.029876520717592593
470498,US Highway 57,Eagle Pass,Texas,usage_pattern,0.052,2025-12-10T20:43:18.552963,2025-12-10,Unusual usage pattern detected with score: -0.052,False,,0.028838072372685184
469612,"Dennys - Auburn, WA",Auburn,WA,usage_pattern,0.005,2025-12-10T20:43:18.553969,2025-12-10,Unusual usage pattern detected with score: -0.005,False,,0.028838060729166667
469455,Polaris Bergland Township,Bergland,MI,usage_pattern,0.064,2025-12-10T20:43:18.55418,2025-12-10,Unusual usage pattern detected with score: -0.064,False,,0.028838058287037036
470498,US Highway 57,Eagle Pass,Texas,usage_pattern,0.052,2025-12-10T20:44:47.26128,2025-12-10,Unusual usage pattern detected with score: -0.052,False,,0.027811355740740742
469612,"Dennys - Auburn, WA",Auburn,WA,usage_pattern,0.005,2025-12-10T20:44:47.26193,2025-12-10,Unusual usage pattern detected with score: -0.005,False,,0.027811348217592593
469455,Polaris Bergland Township,Bergland,MI,usage_pattern,0.064,2025-12-10T20:44:47.262057,2025-12-10,Unusual usage pattern detected with score: -0.064,False,,0.027811346747685185
470498,US Highway 57,Eagle Pass,Texas,usage_pattern,0.044,2025-12-10T20:46:17.132378,2025-12-10,Unusual usage pattern detected with score: -0.044,False,,0.02677118099537037
469611,Dennys,Seatac,WA,usage_pattern,0.081,2025-12-10T20:46:17.133127,2025-12-10,Unusual usage pattern detected with score: -0.081,False,,0.026771172326388887
469455,Polaris Bergland Township,Bergland,MI,usage_pattern,0.044,2025-12-10T20:46:17.133228,2025-12-10,Unusual usage pattern detected with score: -0.044,False,,0.026771171157407406
470498,US Highway 57,Eagle Pass,Texas,usage_pattern,0.044,2025-12-10T20:47:46.208486,2025-12-10,Unusual usage pattern detected with score: -0.044,False,,0.025740207523148147
469611,Dennys,Seatac,WA,usage_pattern,0.081,2025-12-10T20:47:46.209078,2025-12-10,Unusual usage pattern detected with score: -0.081,False,,0.025740200671296298
469455,Polaris Bergland Township,Bergland,MI,usage_pattern,0.044,2025-12-10T20:47:46.209159,2025-12-10,Unusual usage pattern detected with score: -0.044,False,,0.025740199733796296
470498,US Highway 57,Eagle Pass,Texas,usage_pattern,0.044,2025-12-10T20:49:14.31884,2025-12-10,Unusual usage pattern detected with score: -0.044,False,,0.02472041175925926
469611,Dennys,Seatac,WA,usage_pattern,0.081,2025-12-10T20:49:14.319438,2025-12-10,Unusual usage pattern detected with score: -0.081,False,,0.024720404837962964
469455,Polaris Bergland Township,Bergland,MI,usage_pattern,0.044,2025-12-10T20:49:14.31954,2025-12-10,Unusual usage pattern detected with score: -0.044,False,,0.024720403657407408
470498,US Highway 57,Eagle Pass,Texas,usage_pattern,0.044,2025-12-10T20:50:49.575586,2025-12-10,Unusual usage pattern detected with score: -0.044,False,,0.023617903125
469611,Dennys,Seatac,WA,usage_pattern,0.081,2025-12-10T20:50:49.576084,2025-12-10,Unusual usage pattern detected with score: -0.081,False,,0.023617897361111112
469455,Polaris Bergland Township,Bergland,MI,usage_pattern,0.044,2025-12-10T20:50:49.576156,2025-12-10,Unusual usage pattern detected with score: -0.044,False,,0.02361789652777778
470498,US Highway 57,Eagle Pass,Texas,usage_pattern,0.044,2025-12-10T20:52:18.745765,2025-12-10,Unusual usage pattern detected with score: -0.044,False,,0.022585840868055554
469611,Dennys,Seatac,WA,usage_pattern,0.081,2025-12-10T20:52:18.746234,2025-12-10,Unusual usage pattern detected with score: -0.081,False,,0.022585835439814815
469455,Polaris Bergland Township,Bergland,MI,usage_pattern,0.044,2025-12-10T20:52:18.746305,2025-12-10,Unusual usage pattern detected with score: -0.044,False,,0.022585834618055557
470498,US Highway 57,Eagle Pass,Texas,usage_pattern,0.044,2025-12-10T20:53:48.072169,2025-12-10,Unusual usage pattern detected with score: -0.044,False,,0.021551970451388888
469611,Dennys,Seatac,WA,usage_pattern,0.081,2025-12-10T20:53:48.073333,2025-12-10,Unusual usage pattern detected with score: -0.081,False,,0.021551956979166665
469455,Polaris Bergland Township,Bergland,MI,usage_pattern,0.044,2025-12-10T20:53:48.073599,2025-12-10,Unusual usage pattern detected with score: -0.044,False,,0.021551953900462963
470498,US Highway 57,Eagle Pass,Texas,usage_pattern,0.044,2025-12-10T20:55:16.309687,2025-12-10,Unusual usage pattern detected with score: -0.044,False,,0.020530702881944446
469611,Dennys,Seatac,WA,usage_pattern,0.081,2025-12-10T20:55:16.310162,2025-12-10,Unusual usage pattern detected with score: -0.081,False,,0.02053069738425926
469455,Polaris Bergland Township,Bergland,MI,usage_pattern,0.044,2025-12-10T20:55:16.310234,2025-12-10,Unusual usage pattern detected with score: -0.044,False,,0.020530696550925927
470662,"Kittery Premium Outlets - Kittery, ME",Kittery,ME,usage_pattern,0.005,2025-12-10T20:56:46.694912,2025-12-10,Unusual usage pattern detected with score: -0.005,False,,0.019484577592592593
470314,EVolve NY Afton,Afton,NY,usage_pattern,0.042,2025-12-10T20:56:46.695083,2025-12-10,Unusual usage pattern detected with score: -0.042,False,,0.019484575613425925
469749,"Ionna Reading, MA Rechargery Relay",Reading,MA,usage_pattern,0.047,2025-12-10T20:56:46.69526,2025-12-10,Unusual usage pattern detected with score: -0.047,False,,0.019484573564814815
470662,"Kittery Premium Outlets - Kittery, ME",Kittery,ME,usage_pattern,0.005,2025-12-10T20:58:14.960465,2025-12-10,Unusual usage pattern detected with score: -0.005,False,,0.018462985543981483
470314,EVolve NY Afton,Afton,NY,usage_pattern,0.042,2025-12-10T20:58:14.961768,2025-12-10,Unusual usage pattern detected with score: -0.042,False,,0.018462970462962962
469749,"Ionna Reading, MA Rechargery Relay",Reading,MA,usage_pattern,0.047,2025-12-10T20:58:14.962465,2025-12-10,Unusual usage pattern detected with score: -0.047,False,,0.018462962395833334
470662,"Kittery Premium Outlets - Kittery, ME",Kittery,ME,usage_pattern,0.005,2025-12-10T20:59:43.993432,2025-12-10,Unusual usage pattern detected with score: -0.005,False,,0.017432511388888888
470314,EVolve NY Afton,Afton,NY,usage_pattern,0.042,2025-12-10T20:59:43.994208,2025-12-10,Unusual usage pattern detected with score: -0.042,False,,0.01743250240740741
469749,"Ionna Reading, MA Rechargery Relay",Reading,MA,usage_pattern,0.047,2025-12-10T20:59:43.994559,2025-12-10,Unusual usage pattern detected with score: -0.047,False,,0.017432498344907406
470662,"Kittery Premium Outlets - Kittery, ME",Kittery,ME,usage_pattern,0.005,2025-12-10T21:01:20.97022,2025-12-10,Unusual usage pattern detected with score: -0.005,False,,0.01631009486111111
470314,EVolve NY Afton,Afton,NY,usage_pattern,0.042,2025-12-10T21:01:20.970424,2025-12-10,Unusual usage pattern detected with score: -0.042,False,,0.0163100925
469749,"Ionna Reading, MA Rechargery Relay",Reading,MA,usage_pattern,0.047,2025-12-10T21:01:20.970723,2025-12-10,Unusual usage pattern detected with score: -0.047,False,,0.01631008903935185
470662,"Kittery Premium Outlets - Kittery, ME",Kittery,ME,usage_pattern,0.005,2025-12-10T21:03:41.678222,2025-12-10,Unusual usage pattern detected with score: -0.005,False,,0.014681530023148148
470314,EVolve NY Afton,Afton,NY,usage_pattern,0.042,2025-12-10T21:03:41.678401,2025-12-10,Unusual usage pattern detected with score: -0.042,False,,0.01468152795138889
469749,"Ionna Reading, MA Rechargery Relay",Reading,MA,usage_pattern,0.047,2025-12-10T21:03:41.678645,2025-12-10,Unusual usage pattern detected with score: -0.047,False,,0.014681525127314814
470662,"Kittery Premium Outlets - Kittery, ME",Kittery,ME,usage_pattern,0.005,2025-12-10T21:05:09.233904,2025-12-10,Unusual usage pattern detected with score: -0.005,False,,0.013668154074074073
470314,EVolve NY Afton,Afton,NY,usage_pattern,0.042,2025-12-10T21:05:09.234159,2025-12-10,Unusual usage pattern detected with score: -0.042,False,,0.013668151122685185
469749,"Ionna Reading, MA Rechargery Relay",Reading,MA,usage_pattern,0.047,2025-12-10T21:05:09.234369,2025-12-10,Unusual usage pattern detected with score: -0.047,False,,0.01366814869212963
470314,EVolve NY Afton,Afton,NY,usage_pattern,0.042,2025-12-10T21:06:37.224171,2025-12-10,Unusual usage pattern detected with score: -0.042,False,,0.012649748206018519
470662,"Kittery Premium Outlets - Kittery, ME",Kittery,ME,usage_pattern,0.005,2025-12-10T21:06:37.224,2025-12-10,Unusual usage pattern detected with score: -0.005,False,,0.012649750185185184
469749,"Ionna Reading, MA Rechargery Relay",Reading,MA,usage_pattern,0.047,2025-12-10T21:06:37.224349,2025-12-10,Unusual usage pattern detected with score: -0.047,False,,0.012649746145833333
470662,"Kittery Premium Outlets - Kittery, ME",Kittery,ME,usage_pattern,0.003,2025-12-10T21:08:04.973634,2025-12-10,Unusual usage pattern detected with score: -0.003,False,,0.011634129421296296
470498,US Highway 57,Eagle Pass,Texas,usage_pattern,0.061,2025-12-10T21:08:04.973821,2025-12-10,Unusual usage pattern detected with score: -0.061,False,,0.011634127256944444
469455,Polaris Bergland Township,Bergland,MI,usage_pattern,0.041,2025-12-10T21:08:04.974672,2025-12-10,Unusual usage pattern detected with score: -0.041,False,,0.011634117407407408
470662,"Kittery Premium Outlets - Kittery, ME",Kittery,ME,usage_pattern,0.003,2025-12-10T21:09:33.698976,2025-12-10,Unusual usage pattern detected with score: -0.003,False,,0.010607215740740741
470498,US Highway 57,Eagle Pass,Texas,usage_pattern,0.061,2025-12-10T21:09:33.699375,2025-12-10,Unusual usage pattern detected with score: -0.061,False,,0.010607211122685185
469455,Polaris Bergland Township,Bergland,MI,usage_pattern,0.041,2025-12-10T21:09:33.701749,2025-12-10,Unusual usage pattern detected with score: -0.041,False,,0.010607183645833334
470662,"Kittery Premium Outlets - Kittery, ME",Kittery,ME,usage_pattern,0.003,2025-12-10T21:11:05.060276,2025-12-10,Unusual usage pattern detected with score: -0.003,False,,0.009549793287037037
470498,US Highway 57,Eagle Pass,Texas,usage_pattern,0.061,2025-12-10T21:11:05.060388,2025-12-10,Unusual usage pattern detected with score: -0.061,False,,0.009549791990740741
469455,Polaris Bergland Township,Bergland,MI,usage_pattern,0.041,2025-12-10T21:11:05.060962,2025-12-10,Unusual usage pattern detected with score: -0.041,False,,0.009549785347222223
470662,"Kittery Premium Outlets - Kittery, ME",Kittery,ME,usage_pattern,0.003,2025-12-10T21:12:38.848052,2025-12-10,Unusual usage pattern detected with score: -0.003,False,,0.008464286620370371
470498,US Highway 57,Eagle Pass,Texas,usage_pattern,0.061,2025-12-10T21:12:38.848902,2025-12-10,Unusual usage pattern detected with score: -0.061,False,,0.008464276782407408
469455,Polaris Bergland Township,Bergland,MI,usage_pattern,0.041,2025-12-10T21:12:38.856274,2025-12-10,Unusual usage pattern detected with score: -0.041,False,,0.008464191458333332
470662,"Kittery Premium Outlets - Kittery, ME",Kittery,ME,usage_pattern,0.003,2025-12-10T21:14:12.574759,2025-12-10,Unusual usage pattern detected with score: -0.003,False,,0.007379486770833333
470498,US Highway 57,Eagle Pass,Texas,usage_pattern,0.061,2025-12-10T21:14:12.574869,2025-12-10,Unusual usage pattern detected with score: -0.061,False,,0.0073794854976851855
469455,Polaris Bergland Township,Bergland,MI,usage_pattern,0.041,2025-12-10T21:14:12.575357,2025-12-10,Unusual usage pattern detected with score: -0.041,False,,0.007379479849537037
470662,"Kittery Premium Outlets - Kittery, ME",Kittery,ME,usage_pattern,0.003,2025-12-10T21:15:40.595443,2025-12-10,Unusual usage pattern detected with score: -0.003,False,,0.006360728854166667
470498,US Highway 57,Eagle Pass,Texas,usage_pattern,0.061,2025-12-10T21:15:40.595706,2025-12-10,Unusual usage pattern detected with score: -0.061,False,,0.006360725810185185
469455,Polaris Bergland Township,Bergland,MI,usage_pattern,0.041,2025-12-10T21:15:40.59686,2025-12-10,Unusual usage pattern detected with score: -0.041,False,,0.006360712453703704
470662,"Kittery Premium Outlets - Kittery, ME",Kittery,ME,usage_pattern,0.003,2025-12-10T21:17:09.867236,2025-12-10,Unusual usage pattern detected with score: -0.003,False,,0.00532749050925926
470498,US Highway 57,Eagle Pass,Texas,usage_pattern,0.061,2025-12-10T21:17:09.867441,2025-12-10,Unusual usage pattern detected with score: -0.061,False,,0.005327488136574074
469455,Polaris Bergland Township,Bergland,MI,usage_pattern,0.041,2025-12-10T21:17:09.868299,2025-12-10,Unusual usage pattern detected with score: -0.041,False,,0.005327478206018518
470651,"Starbucks - Ridgefield, WA",Ridgefield,WA,usage_pattern,0.033,2025-12-10T21:18:47.499789,2025-12-10,Unusual usage pattern detected with score: -0.033,False,,0.004197484108796296
470498,US Highway 57,Eagle Pass,Texas,usage_pattern,0.081,2025-12-10T21:18:47.500008,2025-12-10,Unusual usage pattern detected with score: -0.081,False,,0.004197481574074074
469455,Polaris Bergland Township,Bergland,MI,usage_pattern,0.052,2025-12-10T21:18:47.502134,2025-12-10,Unusual usage pattern detected with score: -0.052,False,,0.0041974569675925924
470651,"Starbucks - Ridgefield, WA",Ridgefield,WA,usage_pattern,0.033,2025-12-10T21:20:17.864229,2025-12-10,Unusual usage pattern detected with score: -0.033,False,,0.003151599386574074
470498,US Highway 57,Eagle Pass,Texas,usage_pattern,0.081,2025-12-10T21:20:17.865513,2025-12-10,Unusual usage pattern detected with score: -0.081,False,,0.003151584525462963
469455,Polaris Bergland Township,Bergland,MI,usage_pattern,0.052,2025-12-10T21:20:17.870115,2025-12-10,Unusual usage pattern detected with score: -0.052,False,,0.003151531261574074
470651,"Starbucks - Ridgefield, WA",Ridgefield,WA,usage_pattern,0.033,2025-12-10T21:22:18.365916,2025-12-10,Unusual usage pattern detected with score: -0.033,False,,0.0017569039351851851
470498,US Highway 57,Eagle Pass,Texas,usage_pattern,0.081,2025-12-10T21:22:18.366082,2025-12-10,Unusual usage pattern detected with score: -0.081,False,,0.0017569020138888888
469455,Polaris Bergland Township,Bergland,MI,usage_pattern,0.052,2025-12-10T21:22:18.367174,2025-12-10,Unusual usage pattern detected with score: -0.052,False,,0.001756889375
470651,"Starbucks - Ridgefield, WA",Ridgefield,WA,usage_pattern,0.033,2025-12-10T21:23:49.987514,2025-12-10,Unusual usage pattern detected with score: -0.033,False,,0.0006964687731481482
470498,US Highway 57,Eagle Pass,Texas,usage_pattern,0.081,2025-12-10T21:23:49.987672,2025-12-10,Unusual usage pattern detected with score: -0.081,False,,0.0006964669444444444
469455,Polaris Bergland Township,Bergland,MI,usage_pattern,0.052,2025-12-10T21:23:49.988419,2025-12-10,Unusual usage pattern detected with score: -0.052,False,,0.0006964582986111112
